City_ID,City,Lat,Lng,Max Temp,Humidity,Cloudiness,Wind Speed,Country,Date
0,ushuaia,-54.8,-68.3,54.81,58,82,2.68,AR,1675808811
1,punta arenas,-53.15,-70.9167,60.91,59,75,14.97,CL,1675808977
2,cape town,-33.9258,18.4232,71.38,75,30,11.99,ZA,1675808953
3,hobart,-42.8794,147.3294,58.86,65,75,10.36,AU,1675808978
4,fort-shevchenko,44.5086,50.263,38.07,83,100,24.38,KZ,1675808980
5,bredasdorp,-34.5322,20.0403,67.35,74,93,9.46,ZA,1675808980
6,atuona,-9.8,-139.0333,78.37,78,11,15.3,PF,1675808983
7,busselton,-33.65,115.3333,62.69,84,27,9.62,AU,1675808984
8,clearwater,27.9659,-82.8001,80.58,53,0,5.99,US,1675808752
9,bluff,-46.6,168.3333,51.8,67,79,25.7,NZ,1675808985
10,chapais,49.7834,-74.8492,19.18,95,100,12.77,CA,1675808724
11,leningradskiy,69.3833,178.4167,-25.37,96,100,5.59,RU,1675808985
12,upernavik,72.7868,-56.1549,-19.37,97,83,2.98,GL,1675808986
13,half moon bay,37.4636,-122.4286,63.91,59,75,1.01,US,1675808954
14,hilo,19.7297,-155.09,73.13,96,100,1.99,US,1675808722
15,pevek,69.7008,170.3133,-22.23,95,100,2.8,RU,1675808987
16,rikitea,-23.1203,-134.9692,78.82,74,84,12.12,PF,1675808987
17,seddon,-37.8068,144.8916,65.86,68,75,5.75,AU,1675808988
18,shimoda,34.6667,138.95,48.11,78,90,4.92,JP,1675808988
19,russell,32.3502,-85.1999,70.83,40,0,4.61,US,1675808988
20,ahuimanu,21.4447,-157.8378,80.31,81,40,12.66,US,1675808722
21,los llanos de aridane,28.6585,-17.9182,58.75,85,100,11.5,ES,1675808989
22,bindura,-17.3019,31.3306,63.64,87,6,1.59,ZW,1675808989
23,kapaa,22.0752,-159.319,80.92,84,40,11.5,US,1675808990
24,cafelandia,-21.8025,-49.61,73.44,89,100,4.85,BR,1675808990
25,saint-philippe,-21.3585,55.7679,78.39,84,81,13.56,RE,1675808991
26,barrow,71.2906,-156.7887,-2.18,78,100,0.0,US,1675808930
27,isangel,-19.55,169.2667,82.51,89,75,2.3,VU,1675808991
28,vaini,-21.2,-175.2,82.56,89,75,10.36,TO,1675808992
29,itapeva,-23.9822,-48.8756,68.47,91,17,4.97,BR,1675808992
30,carnarvon,-24.8667,113.6333,76.37,68,0,18.5,AU,1675808708
31,narsaq,60.9167,-46.05,-1.98,69,0,6.89,GL,1675808993
32,lompoc,34.6391,-120.4579,70.79,50,20,11.5,US,1675808993
33,ambilobe,-13.2,49.05,72.95,96,100,1.86,MG,1675808994
34,hermanus,-34.4187,19.2345,68.81,80,62,12.73,ZA,1675808995
35,chichihualco,17.6833,-99.65,81.23,32,20,1.83,MX,1675808995
36,arraial do cabo,-22.9661,-42.0278,73.26,100,75,5.75,BR,1675808995
37,koumac,-20.5667,164.2833,81.86,77,100,3.96,NC,1675808997
38,ilulissat,69.2167,-51.1,-9.38,77,100,9.22,GL,1675808998
39,new norfolk,-42.7826,147.0587,58.5,61,8,0.58,AU,1675808999
40,avera,33.194,-82.5271,69.31,50,97,4.07,US,1675808999
41,dwarka,22.2394,68.9678,70.16,62,32,7.18,IN,1675809000
42,yulara,-25.2406,130.9889,80.13,26,0,5.26,AU,1675809000
43,otukpo,7.1913,8.1329,81.28,15,19,1.5,NG,1675809001
44,thinadhoo,0.5333,72.9333,80.87,72,91,4.25,MV,1675809002
45,lorengau,-2.0226,147.2712,78.21,91,100,11.25,PG,1675809006
46,kaitangata,-46.2817,169.8464,57.0,58,78,14.5,NZ,1675809007
47,chuy,-33.6971,-53.4616,73.74,72,15,11.61,UY,1675809015
48,batagay,67.6333,134.6333,-56.99,99,45,2.73,RU,1675809018
49,port macquarie,-31.4333,152.9167,72.9,67,96,3.62,AU,1675809022
50,aban,56.67,96.06,16.86,96,100,4.99,RU,1675809031
51,port elizabeth,-33.918,25.5701,69.31,92,0,6.91,ZA,1675809037
52,beringovskiy,63.05,179.3167,-18.9,95,86,7.54,RU,1675809039
53,ankazoabo,-22.2833,44.5167,69.06,93,100,5.55,MG,1675809040
54,sao filipe,14.8961,-24.4956,68.86,64,3,12.68,CV,1675809041
55,rosarito,32.3333,-117.0333,73.63,37,0,9.6,MX,1675808917
56,thayetmyo,19.3167,95.1833,60.66,52,5,1.86,MM,1675809044
57,skibbereen,51.55,-9.2667,46.11,84,85,5.35,IE,1675809044
58,hasaki,35.7333,140.8333,46.8,75,100,22.57,JP,1675809044
59,clyde river,70.4692,-68.5914,-30.77,68,0,3.44,CA,1675809045
60,ponta do sol,32.6667,-17.1,60.01,70,15,5.14,PT,1675809046
61,hay river,60.8156,-115.7999,-0.42,78,75,13.8,CA,1675809048
62,ponta delgada,37.7333,-25.6667,56.12,82,40,16.11,PT,1675809048
63,faanui,-16.4833,-151.75,80.67,75,30,12.48,PF,1675809049
64,sinnamary,5.3833,-52.95,76.14,90,32,11.81,GF,1675809049
65,port lincoln,-34.7333,135.8667,69.48,69,3,12.01,AU,1675809050
66,georgetown,5.4112,100.3354,78.73,92,20,4.61,MY,1675809050
67,albany,42.6001,-73.9662,38.68,47,100,11.14,US,1675808980
68,mayo,38.8876,-76.5119,51.13,73,0,9.22,US,1675809052
69,chokurdakh,70.6333,147.9167,-38.24,100,99,3.89,RU,1675809052
70,dikson,73.5069,80.5464,-11.79,92,100,20.29,RU,1675809054
71,port alfred,-33.5906,26.891,70.18,91,100,1.99,ZA,1675809054
72,camacha,33.0833,-16.3333,54.82,82,75,8.05,PT,1675809055
73,jamestown,42.097,-79.2353,49.01,70,100,11.99,US,1675808895
74,puerto ayora,-0.7393,-90.3518,84.16,91,29,10.0,EC,1675809055
75,mareeba,-17.0,145.4333,80.44,82,84,4.21,AU,1675809056
76,melilla,35.2937,-2.9383,57.58,77,75,11.5,ES,1675809056
77,broome,42.2506,-75.833,42.46,66,100,8.05,US,1675809057
78,santa lucia,27.9117,-15.5407,52.92,72,40,8.05,ES,1675808831
79,methoni,36.8197,21.7049,42.22,61,100,8.05,GR,1675809057
80,byron bay,-28.65,153.6167,70.95,63,97,6.98,AU,1675809057
81,alice springs,-23.7,133.8833,74.75,83,5,0.0,AU,1675808808
82,alofi,-19.0595,-169.9187,76.89,94,100,6.91,NU,1675809060
83,qaanaaq,77.484,-69.3632,-24.2,65,89,5.26,GL,1675809060
84,ornskoldsvik,63.2909,18.7153,32.95,86,100,8.05,SE,1675809061
85,longkou,37.6508,120.3286,32.92,71,1,11.01,CN,1675809063
86,provideniya,64.3833,-173.3,-2.09,71,100,11.18,RU,1675809068
87,hithadhoo,-0.6,73.0833,81.01,70,68,8.55,MV,1675809072
88,saint-augustin,51.226,-58.6502,-3.41,86,1,4.09,CA,1675809077
89,opuwo,-18.0607,13.84,66.94,53,98,6.58,NA,1675809080
90,nikolayevka,53.1257,47.2041,-3.59,100,76,4.43,RU,1675809090
91,fort nelson,58.8053,-122.7002,36.95,44,20,3.44,CA,1675809070
92,kodiak,57.79,-152.4072,29.71,55,0,17.27,US,1675809096
93,el tigre,8.8875,-64.2454,83.03,50,87,12.5,VE,1675809097
94,innisfail,-17.5333,146.0333,80.55,89,88,12.57,AU,1675809098
95,yeppoon,-23.1333,150.7333,78.58,70,75,18.75,AU,1675809099
96,bengkulu,-3.8004,102.2655,74.41,82,93,5.48,ID,1675809101
97,lata,40.1629,-8.3327,42.08,78,4,3.94,PT,1675809101
98,road town,18.4167,-64.6167,78.89,78,40,8.05,VG,1675809102
99,turtas,58.9417,69.1325,-17.54,100,90,2.66,RU,1675809102
100,mataura,-46.1927,168.8643,49.48,70,75,10.78,NZ,1675809103
101,mar del plata,-38.0023,-57.5575,78.84,87,40,15.01,AR,1675809104
102,bedele,8.456,36.353,58.23,40,5,3.27,ET,1675809105
103,mehamn,71.0357,27.8492,35.55,69,20,24.16,NO,1675809105
104,kavieng,-2.5744,150.7967,81.46,78,100,10.04,PG,1675809106
105,praia da vitoria,38.7333,-27.0667,55.65,71,75,13.31,PT,1675809106
106,paamiut,61.994,-49.6678,-0.63,85,99,11.23,GL,1675809107
107,nome,64.5011,-165.4064,-4.85,91,0,3.44,US,1675809084
108,salalah,17.0151,54.0924,69.89,43,0,3.44,OM,1675809107
109,airai,-8.9266,125.4092,64.08,90,93,1.61,TL,1675809107
110,katsuura,35.1333,140.3,50.29,82,100,18.63,JP,1675808894
111,ulaanbaatar,47.9077,106.8832,-20.07,69,5,2.24,MN,1675809109
112,royan,45.6285,-1.0281,39.83,80,4,10.94,FR,1675809109
113,penzance,50.1186,-5.5371,38.08,75,0,10.11,GB,1675809110
114,port hedland,-20.3167,118.5667,82.45,83,4,0.0,AU,1675809111
115,thompson,55.7435,-97.8558,1.56,85,100,4.61,CA,1675809112
116,ostrovnoy,68.0531,39.5131,32.27,76,65,23.38,RU,1675809112
117,bandipur,27.9333,84.4167,47.23,70,48,1.81,NP,1675809112
118,srednekolymsk,67.45,153.6833,-31.58,99,100,5.48,RU,1675809113
119,lagoa,39.05,-27.9833,55.69,60,72,15.01,PT,1675809113
120,hvide sande,56.0045,8.1294,40.08,88,99,13.53,DK,1675809114
121,anadyr,64.75,177.4833,-25.1,75,0,11.18,RU,1675809114
122,dodoma,-6.1722,35.7395,65.25,90,99,2.19,TZ,1675809115
123,yenagoa,4.9247,6.2642,78.85,84,20,3.04,NG,1675809115
124,ipu,-4.3222,-40.7108,73.26,93,91,4.34,BR,1675809115
125,adrar,20.5022,-10.0711,61.83,21,93,10.94,MR,1675809116
126,klaksvik,62.2266,-6.589,47.32,85,100,54.65,FO,1675809116
127,kozelsk,54.0375,35.7716,8.29,98,62,0.98,RU,1675809117
128,tasiilaq,65.6145,-37.6368,1.56,35,2,35.66,GL,1675809117
129,lebu,-37.6167,-73.65,60.98,83,0,17.36,CL,1675809118
130,victoria,22.2855,114.1577,64.45,92,91,8.99,HK,1675809076
131,flinders,-34.5833,150.8552,72.18,91,100,4.0,AU,1675809119
132,khatanga,71.9667,102.5,-47.2,100,76,2.08,RU,1675809119
133,baruun-urt,46.6806,113.2792,-5.39,90,4,5.91,MN,1675809121
134,mahebourg,-20.4081,57.7,79.09,78,75,10.36,MU,1675809122
135,cidreira,-30.1811,-50.2056,76.21,75,17,12.15,BR,1675809124
136,carutapera,-1.195,-46.02,76.23,91,99,6.85,BR,1675809126
137,boulder,40.0833,-105.3505,43.25,29,0,10.36,US,1675809127
138,mackay,-21.15,149.2,81.68,81,98,19.93,AU,1675809081
139,avarua,-21.2078,-159.775,84.25,79,20,12.66,CK,1675809137
140,bergen,60.392,5.328,42.87,100,75,3.44,NO,1675809137
141,altamira,-3.2033,-52.2064,74.39,95,98,1.7,BR,1675809099
142,bom despacho,-19.7364,-45.2522,72.46,81,97,0.47,BR,1675808916
143,iqaluit,63.7506,-68.5145,-25.31,67,75,6.91,CA,1675809143
144,castro,-24.7911,-50.0119,64.6,92,11,5.61,BR,1675809148
145,naze,28.3667,129.4833,59.92,72,82,12.95,JP,1675809151
146,severo-kurilsk,50.6789,156.125,23.02,60,49,9.62,RU,1675809155
147,samfya,-11.3649,29.5565,63.32,93,100,6.02,ZM,1675809156
148,bell ville,-32.6259,-62.6887,93.67,24,0,6.2,AR,1675809156
149,mul,20.0667,79.6667,66.45,38,7,3.18,IN,1675809157
150,abu dhabi,24.4667,54.3667,78.82,31,0,5.75,AE,1675809052
151,snasa,64.2457,12.3778,38.61,97,99,4.9,NO,1675809158
152,kuytun,54.3419,101.5036,-10.21,100,100,3.42,RU,1675809159
153,gladstone,-23.85,151.25,80.78,69,30,13.8,AU,1675809159
154,kurumkan,54.3,110.3,-7.35,90,42,4.29,RU,1675809160
155,olinda,-8.0089,-34.8553,82.13,54,20,9.22,BR,1675809119
156,plerin,48.5425,-2.7798,34.45,77,0,2.3,FR,1675809161
157,along,28.1667,94.7667,54.36,89,100,1.79,IN,1675809161
158,rocha,-34.4833,-54.3333,73.06,68,29,10.36,UY,1675809161
159,ormara,25.2088,64.6357,70.3,69,2,7.78,PK,1675809162
160,comodoro rivadavia,-45.8667,-67.5,76.86,23,0,9.22,AR,1675809162
161,mabaruma,8.2,-59.7833,72.54,96,22,4.03,GY,1675809163
162,bilibino,68.0546,166.4372,-39.44,100,100,0.22,RU,1675809163
163,butaritari,3.0707,172.7902,81.1,80,100,22.17,KI,1675809165
164,asmara,15.3333,38.9333,53.26,90,78,7.63,ER,1675809165
165,leshukonskoye,64.8989,45.7622,28.8,95,100,11.07,RU,1675809166
166,shenjiamen,29.9576,122.298,47.79,76,100,12.15,CN,1675809166
167,talara,-4.5772,-81.2719,84.96,54,0,11.5,PE,1675809167
168,bowen,-20.0167,148.2333,80.11,80,93,17.54,AU,1675809167
169,tuktoyaktuk,69.4541,-133.0374,-27.4,75,100,0.0,CA,1675809168
170,port moresby,-9.4431,147.1797,76.42,94,100,11.5,PG,1675809142
171,cherskiy,68.75,161.3,-32.31,98,100,5.5,RU,1675809168
172,san quintin,30.4833,-115.95,63.54,41,0,10.56,MX,1675809169
173,padang,-0.9492,100.3543,75.63,68,99,3.51,ID,1675809169
174,mgandu,-5.95,34.1333,60.37,88,85,3.09,TZ,1675809170
175,dudinka,69.4058,86.1778,-13.65,100,94,2.91,RU,1675809161
176,pisco,-13.7,-76.2167,80.65,65,0,20.71,PE,1675809171
177,san cristobal,7.7669,-72.225,75.38,62,27,1.92,VE,1675809071
178,norman wells,65.282,-126.8329,-7.56,71,75,0.0,CA,1675809017
179,geraldton,-28.7667,114.6,66.61,88,100,9.22,AU,1675809173
180,dharmadam,11.7833,75.4333,72.84,85,55,3.38,IN,1675809173
181,ulladulla,-35.35,150.4667,65.59,90,100,5.08,AU,1675809173
182,souillac,-20.5167,57.5167,79.18,78,75,10.36,MU,1675809174
183,pangody,65.85,74.4859,-12.73,100,98,8.66,RU,1675809175
184,bandarbeyla,9.4942,50.8122,75.94,77,56,13.6,SO,1675809175
185,bathsheba,13.2167,-59.5167,79.41,73,40,16.11,BB,1675809175
186,namibe,-15.1961,12.1522,70.5,75,75,9.24,AO,1675809176
187,porto santo,33.072,-16.3415,57.58,82,75,8.05,PT,1675809176
188,kangaba,11.9333,-8.4167,82.06,16,52,2.73,ML,1675809177
189,kaka,37.3482,59.6143,56.34,39,64,6.29,TM,1675809177
190,sulangan,11.1373,123.7228,79.12,80,100,13.15,PH,1675809177
191,teguise,29.0605,-13.564,57.42,67,20,2.3,ES,1675809178
192,torbay,47.6666,-52.7314,24.58,84,75,24.0,CA,1675809178
193,syracuse,37.0881,15.2792,47.57,58,100,16.51,IT,1675809066
194,east london,-33.0153,27.9116,71.26,86,100,10.87,ZA,1675809166
195,saint anthony,45.0205,-93.218,35.89,65,0,12.66,US,1675809179
196,mindelo,16.8901,-24.9804,67.55,52,40,21.85,CV,1675809180
197,saskylakh,71.9167,114.0833,-29.29,99,99,1.66,RU,1675809180
198,togur,58.3631,82.8265,5.25,97,98,5.14,RU,1675809181
199,suntar,62.1444,117.6319,-28.91,98,100,1.92,RU,1675809181
200,monduli,-3.3,36.45,65.73,70,100,4.81,TZ,1675809182
201,turukhansk,65.8167,87.9833,3.06,96,100,6.67,RU,1675809183
202,aksu,41.1231,80.2644,23.54,72,3,5.35,CN,1675809186
203,coquimbo,-29.9533,-71.3436,65.93,82,100,11.5,CL,1675809188
204,daru,-9.0763,143.2092,79.09,84,99,11.88,PG,1675809190
205,vestmannaeyjar,63.4427,-20.2734,31.98,58,100,34.11,IS,1675809191
206,buala,-8.145,159.5921,81.16,87,97,9.69,SB,1675809192
207,akcaabat,41.0212,39.5715,40.87,60,75,5.75,TR,1675809194
208,moerai,-22.4333,-151.3333,79.74,77,62,11.43,PF,1675809196
209,nikolskoye,59.7035,30.7861,30.09,88,99,10.07,RU,1675809198
210,kamaishi,39.2667,141.8833,35.31,85,100,9.66,JP,1675809199
211,dondo,-19.6094,34.7431,81.91,96,31,3.27,MZ,1675809200
212,viedma,-40.8135,-62.9967,72.18,63,15,12.39,AR,1675809210
213,busayra,30.7376,35.6078,35.15,85,64,15.66,JO,1675809214
214,huaihua,27.5494,109.9592,46.2,97,99,3.58,CN,1675809214
215,bethel,41.3712,-73.414,37.36,66,0,6.91,US,1675809214
216,rio grande,-32.035,-52.0986,84.31,69,6,15.79,BR,1675809215
217,yellowknife,62.456,-114.3525,-1.68,78,75,8.05,CA,1675809170
218,flagstaff,35.1981,-111.6513,44.53,40,0,16.11,US,1675809001
219,kutum,14.2,24.6667,56.62,33,14,10.38,SD,1675809216
220,freetown,8.484,-13.2299,75.76,69,56,8.08,SL,1675809216
221,surt,31.2089,16.5887,54.34,64,93,14.47,LY,1675809216
222,mount isa,-20.7333,139.5,82.17,69,75,9.22,AU,1675809217
223,dodge city,37.7528,-100.0171,55.24,35,0,16.11,US,1675809094
224,sabang,5.8933,95.3214,81.0,74,90,12.62,ID,1675809218
225,vao,-22.6667,167.4833,79.57,71,39,12.53,NC,1675809219
226,yenisehir,40.2644,29.6531,32.05,86,75,13.8,TR,1675809219
227,cao bang,22.6667,106.25,62.31,99,100,2.06,VN,1675809220
228,vadso,70.0744,29.7487,32.88,86,75,13.8,NO,1675809220
229,taoudenni,22.6783,-3.9836,66.81,20,90,11.36,ML,1675809221
230,college,64.8569,-147.8028,13.21,78,75,0.0,US,1675809222
231,tiksi,71.6872,128.8694,-27.26,100,100,4.29,RU,1675809222
232,loma bonita,8.3833,-80.1667,87.35,51,20,11.5,PA,1675809223
233,marawi,7.9986,124.2928,64.08,90,93,1.36,PH,1675809223
234,bagn,60.8225,9.5521,19.87,97,88,4.23,NO,1675809224
235,hofn,64.2539,-15.2082,32.97,60,100,26.17,IS,1675809224
236,mogadishu,2.0371,45.3438,76.46,85,38,18.45,SO,1675809224
237,pio xii,-3.8325,-45.1525,74.17,96,100,3.67,BR,1675809225
238,ust-maya,60.4167,134.5333,-33.88,99,100,1.05,RU,1675809225
239,cabra,37.4725,-4.4421,46.13,90,100,1.34,ES,1675809226
240,atar,20.5169,-13.0499,62.56,23,94,12.17,MR,1675809226
241,san juan,-31.5375,-68.5364,98.51,15,0,10.49,AR,1675809219
242,egvekinot,66.3167,-179.1667,-21.75,87,98,8.66,RU,1675809227
243,mount gambier,-37.8333,140.7667,62.73,62,4,9.51,AU,1675809227
244,krasnoselkup,65.7,82.4667,-18.13,100,96,9.06,RU,1675809228
245,san carlos de bariloche,-41.1456,-71.3082,78.55,24,20,19.57,AR,1675809222
246,saint george,37.1041,-113.5841,54.25,33,0,1.01,US,1675808969
247,timizart,36.8,4.2667,49.1,64,100,5.59,DZ,1675809228
248,maues,-3.3836,-57.7186,74.64,97,97,2.55,BR,1675809229
249,caconda,-13.7333,15.0667,58.48,69,70,3.4,AO,1675809229
250,ruidoso,33.3317,-105.673,36.27,87,100,9.22,US,1675809229
251,zhigansk,66.7697,123.3711,-51.39,99,96,5.14,RU,1675809230
252,sokoni,-6.4333,39.55,81.05,78,98,12.73,TZ,1675809230
253,nouadhibou,20.931,-17.0347,64.38,59,0,19.57,MR,1675809230
254,ishigaki,24.3448,124.1572,68.13,83,100,12.66,JP,1675809231
255,huilong,31.8111,121.655,41.94,91,99,7.76,CN,1675809231
256,bambous virieux,-20.3428,57.7575,79.05,78,75,10.36,MU,1675809232
257,pochutla,15.7432,-96.4661,85.82,44,2,7.49,MX,1675809232
258,sokolovo,52.5318,84.7896,15.33,97,100,4.85,RU,1675809232
259,villamontes,-21.25,-63.5,79.05,62,50,3.96,BO,1675809233
260,north bend,43.4065,-124.2243,54.91,93,100,17.27,US,1675809064
261,vila franca do campo,37.7167,-25.4333,55.81,82,83,11.88,PT,1675809233
262,wakkanai,45.4094,141.6739,25.79,59,100,16.13,JP,1675809234
263,yumen,40.2833,97.2,26.06,57,100,12.35,CN,1675809234
264,manama,26.2154,50.5832,67.98,69,0,17.27,BH,1675809235
265,tilichiki,60.4667,166.1,-24.59,92,39,9.57,RU,1675809199
266,beamsville,43.1668,-79.4829,49.05,77,65,11.5,CA,1675808980
267,wattegama,6.7989,81.4808,71.01,95,83,4.41,LK,1675809235
268,xiamen,24.4798,118.0819,59.25,88,100,2.24,CN,1675809236
269,barreirinha,-2.7933,-57.07,76.42,94,94,0.31,BR,1675809237
270,talnakh,69.4865,88.3972,-9.04,98,99,6.17,RU,1675809164
271,conselheiro lafaiete,-20.6603,-43.7861,66.87,93,97,2.42,BR,1675809015
272,louis trichardt,-23.0439,29.9032,65.44,88,21,5.35,ZA,1675809238
273,pokhara,28.2333,83.9833,52.7,60,83,5.88,NP,1675809238
274,muisne,0.6,-80.0333,79.54,82,8,7.92,EC,1675809239
275,lambarene,-0.7001,10.2406,76.3,93,95,3.62,GA,1675809239
276,namatanai,-3.6667,152.4333,81.52,77,100,4.9,PG,1675809239
277,mabamba,-3.5983,30.5019,60.49,95,84,1.43,TZ,1675809240
278,moose factory,51.2585,-80.6094,15.8,79,100,14.97,CA,1675809240
279,cherrapunji,25.3,91.7,44.89,56,2,4.12,IN,1675809103
280,skelleftea,64.7507,20.9528,33.01,93,28,5.75,SE,1675809241
281,rusape,-18.5278,32.1284,64.04,76,59,3.94,ZW,1675809241
282,hovd,48.0056,91.6419,-0.36,77,30,0.98,MN,1675809241
283,longyearbyen,78.2186,15.6401,21.04,93,100,23.02,SJ,1675809243
284,ewa beach,21.3156,-158.0072,81.84,68,100,12.66,US,1675809244
285,muborak,39.2553,65.1528,47.59,40,93,12.03,UZ,1675809246
286,hamilton,39.1834,-84.5333,55.42,80,100,9.22,US,1675808981
287,loding,67.3,14.75,42.71,85,75,27.63,NO,1675809249
288,garowe,8.4054,48.4845,65.91,88,19,8.21,SO,1675809250
289,tuatapere,-46.1333,167.6833,54.57,63,66,14.83,NZ,1675809251
290,benemerito de las americas,16.5167,-90.6439,81.23,65,74,1.83,MX,1675809252
291,touros,-5.1989,-35.4608,79.88,67,70,15.99,BR,1675809253
292,yar-sale,66.8333,70.8333,-2.42,91,99,15.32,RU,1675809205
293,lasa,46.6166,10.7002,29.28,74,4,1.25,IT,1675809254
294,chipinge,-20.1883,32.6236,61.97,84,32,4.18,ZW,1675809257
295,korem,12.5058,39.5228,50.16,58,2,3.13,ET,1675809260
296,teya,60.3778,92.6267,10.58,97,100,2.62,RU,1675809260
297,cabo san lucas,22.8909,-109.9124,79.61,54,85,4.0,MX,1675809262
298,walvis bay,-22.9575,14.5053,66.09,88,32,5.75,NA,1675809263
299,mwense,-10.3845,28.698,64.83,97,100,3.78,ZM,1675809272
300,visby,57.6409,18.296,35.82,87,100,10.36,SE,1675809201
301,seydi,39.4816,62.9137,49.15,39,97,15.12,TM,1675809278
302,nsanje,-16.92,35.262,74.25,88,100,1.99,MW,1675809280
303,awjilah,29.1081,21.2869,51.71,56,100,8.08,LY,1675809285
304,chimore,-16.9833,-65.1333,73.62,97,99,1.25,BO,1675809286
305,olga,43.7444,135.2892,13.28,75,96,4.99,RU,1675809287
306,killybegs,54.6333,-8.45,40.71,92,29,8.68,IE,1675809289
307,general cepeda,25.3833,-101.45,82.08,9,58,11.12,MX,1675809290
308,san jose,37.3394,-121.895,63.41,49,100,5.99,US,1675809129
309,auki,-8.7676,160.7034,82.17,79,94,5.35,SB,1675809291
310,katobu,-4.9408,122.5276,77.61,85,93,1.41,ID,1675809115
311,derzhavinsk,51.1,66.3167,-7.06,100,89,5.46,KZ,1675809292
312,ratnagiri,16.9833,73.3,70.27,69,100,3.98,IN,1675809293
313,amapa,1.0,-52.0,72.45,98,100,2.84,BR,1675809293
314,port hardy,50.6996,-127.4199,42.98,93,75,5.75,CA,1675809069
315,vanavara,60.34,102.2797,-6.3,100,100,2.26,RU,1675809295
316,parabel,58.6978,81.4825,-0.71,98,96,5.68,RU,1675809295
317,portobelo,9.55,-79.65,76.1,85,91,16.91,PA,1675809295
318,ixtapa,20.7,-105.2,76.23,73,0,12.66,MX,1675809296
319,manakara,-22.1333,48.0167,72.82,89,100,1.72,MG,1675809297
320,luderitz,-26.6481,15.1594,66.58,80,4,17.92,NA,1675809297
321,kuchl,47.6265,13.1448,24.48,87,24,3.6,AT,1675809298
322,gazanjyk,39.2446,55.5154,52.21,45,100,6.22,TM,1675809298
323,salinopolis,-0.6136,-47.3561,78.15,86,78,10.94,BR,1675809298
324,porto novo,6.4965,2.6036,84.02,81,91,7.07,BJ,1675809299
325,ahipara,-35.1667,173.1667,70.43,59,97,7.38,NZ,1675809300
326,westport,41.1415,-73.3579,39.56,70,0,8.05,US,1675809067
327,maceio,-9.6658,-35.7353,78.24,83,0,6.91,BR,1675809213
328,inongo,-1.95,18.2667,75.61,77,84,5.55,CD,1675809302
329,kahului,20.8947,-156.47,81.97,75,40,25.32,US,1675809296
330,bubaque,11.2833,-15.8333,75.22,70,32,17.07,GW,1675809309
331,kargasok,59.0556,80.8572,0.16,97,94,5.95,RU,1675809315
332,dingle,10.9995,122.6711,74.21,92,100,7.9,PH,1675809317
333,deputatskiy,69.3,139.9,-46.61,99,58,4.25,RU,1675809319
334,del rio,29.3627,-100.8968,71.62,56,100,18.41,US,1675809323
335,jingdezhen,29.2947,117.2079,50.85,96,100,3.83,CN,1675809326
336,shubarshi,48.5872,57.1869,9.32,87,98,14.88,KZ,1675809328
337,meulaboh,4.1363,96.1285,74.88,83,100,2.84,ID,1675809239
338,marktoberdorf,47.7833,10.6167,22.8,77,8,4.61,DE,1675809338
339,saint-georges,12.0564,-61.7485,78.48,83,75,21.85,GD,1675809227
340,kieta,-6.2167,155.6333,81.9,79,89,8.57,PG,1675809339
341,tombouctou,20.0,-3.0,68.9,18,50,12.19,ML,1675809340
342,mumford,5.2618,-0.759,78.84,88,11,6.87,GH,1675809340
343,mata,40.683,-7.4592,46.0,78,35,3.71,PT,1675809341
344,menongue,-14.6585,17.691,61.59,91,100,1.61,AO,1675809341
345,bandundu,-3.3167,17.3667,74.41,82,66,2.86,CD,1675809342
346,tazovskiy,67.4667,78.7,-13.77,99,99,4.88,RU,1675809074
347,nizwa,22.9333,57.5333,68.92,36,16,2.1,OM,1675809343
348,bonfim,3.0833,-59.95,85.01,57,86,4.65,BR,1675809344
349,zaton,53.2936,83.8072,9.99,85,75,6.71,RU,1675809344
350,goias,-15.5807,-49.6362,72.79,81,52,3.22,BR,1675809345
351,sabla,12.7525,4.7077,75.47,12,100,10.31,NG,1675809345
352,gizo,-8.103,156.8419,83.39,76,99,15.17,SB,1675809345
353,cullera,39.1667,-0.25,50.77,72,100,3.0,ES,1675809346
354,zhanakorgan,43.9098,67.2495,35.13,60,100,6.62,KZ,1675809346
355,bozeman,45.6796,-111.0386,47.62,39,0,0.0,US,1675809346
356,tampere,61.4991,23.7871,34.0,96,100,5.75,FI,1675809347
357,yima,34.7381,111.8839,37.22,69,100,9.1,CN,1675809349
358,fare,-16.7,-151.0167,80.64,71,18,11.12,PF,1675809350
359,lahij,13.1667,44.5833,69.53,66,10,3.04,YE,1675809351
360,brodokalmak,55.5748,62.082,0.5,100,100,4.18,RU,1675809215
361,ascension,30.2169,-90.9001,80.82,69,75,5.75,US,1675809351
362,huarmey,-10.0681,-78.1522,75.25,75,14,8.9,PE,1675809352
363,ribeira grande,38.5167,-28.7,55.78,66,63,11.99,PT,1675809177
364,nanortalik,60.1432,-45.2371,4.93,68,35,21.99,GL,1675809352
365,akdepe,42.0551,59.3788,42.89,60,100,15.21,TM,1675809353
366,honningsvag,70.9821,25.9704,33.55,86,75,21.85,NO,1675809353
367,okhotsk,59.3833,143.3,-14.76,86,97,10.0,RU,1675809354
368,bar harbor,44.3876,-68.2039,29.98,71,0,5.75,US,1675809354
369,havre-saint-pierre,50.2334,-63.5986,17.6,72,0,9.22,CA,1675809356
370,taybad,34.74,60.7756,49.73,65,81,18.3,IR,1675809356
371,la ceiba,15.7597,-86.7822,82.22,74,20,12.66,HN,1675809356
372,jagdalpur,19.0667,82.0333,57.18,44,49,0.89,IN,1675809357
373,makhinjauri,41.6739,41.694,37.26,93,100,12.66,GE,1675809357
374,carupano,10.6678,-63.2585,74.89,89,92,10.71,VE,1675809358
375,muros,42.7762,-9.0603,44.1,69,5,19.51,ES,1675809358
376,codrington,-38.2667,141.9667,63.09,66,59,12.55,AU,1675809359
377,atocha,-20.9333,-66.2333,49.28,68,86,7.87,BO,1675809359
378,awbari,26.5921,12.7805,60.49,30,100,13.47,LY,1675809359
379,mao,39.8885,4.2658,52.36,76,40,19.57,ES,1675809360
380,canaries,28.0,-15.5,53.56,67,40,8.05,ES,1675809361
381,alto araguaia,-17.3147,-53.2153,69.58,94,92,5.97,BR,1675809363
382,loiza,18.4313,-65.8802,78.8,78,75,13.8,PR,1675809364
383,karasburg,-28.0167,18.75,73.36,41,47,10.49,NA,1675809367
384,oranjemund,-28.55,16.4333,63.41,93,79,14.41,NA,1675809289
385,najran,17.4924,44.1277,65.05,62,13,7.23,SA,1675809290
386,ponca city,36.707,-97.0856,52.95,38,0,11.5,US,1675809373
387,zwedru,6.0667,-8.1281,73.0,96,91,4.07,LR,1675809381
388,vilyuysk,63.7553,121.6247,-37.34,99,100,1.21,RU,1675809207
389,saint-pierre,-21.3393,55.4781,78.48,78,20,5.75,RE,1675809191
390,ape,57.5393,26.6929,27.72,93,98,8.32,LV,1675809386
391,saint-joseph,-21.3667,55.6167,77.38,81,67,13.87,RE,1675809393
392,shache,38.4167,77.2406,28.6,66,0,6.91,CN,1675809396
393,lavrentiya,65.5833,-171.0,-12.06,86,100,3.02,RU,1675809403
394,zhezkazgan,47.8043,67.7144,1.38,85,75,6.71,KZ,1675809404
395,pyapon,16.2833,95.6833,66.29,66,35,8.05,MM,1675809404
396,lyskovo,56.0328,45.0422,-2.4,100,99,4.74,RU,1675809405
397,conde,-7.2597,-34.9075,78.26,65,0,5.75,BR,1675809405
398,dhidhdhoo,6.8833,73.1,80.22,71,87,5.7,MV,1675809407
399,gushikawa,26.3544,127.8686,65.43,94,100,0.0,JP,1675809407
400,tsiroanomandidy,-18.7667,46.0333,67.01,88,100,3.87,MG,1675809407
401,moa,20.6569,-74.9403,75.43,80,4,15.99,CU,1675809408
402,martapura,-3.4167,114.85,75.29,94,100,4.61,ID,1675809408
403,port-gentil,-0.7193,8.7815,80.56,94,40,2.3,GA,1675809409
404,aklavik,68.2191,-135.0107,-20.2,76,100,3.44,CA,1675809409
405,betare oya,5.6,14.0833,71.85,20,30,3.6,CM,1675809409
406,jacqueville,5.2052,-4.4146,79.9,86,94,8.84,CI,1675809410
407,maunabo,18.0072,-65.8993,78.64,88,16,13.69,PR,1675809410
408,barra do garcas,-15.89,-52.2567,77.94,76,36,0.85,BR,1675809410
409,fontenay-le-comte,46.5833,-1.0,37.04,77,3,9.37,FR,1675809411
410,rio gallegos,-51.6226,-69.2181,64.45,48,40,21.85,AR,1675809411
411,cairns,-16.9167,145.7667,86.11,82,94,5.75,AU,1675809328
412,meridian,43.6121,-116.3915,50.34,53,0,4.61,US,1675809412
413,quebo,11.3333,-14.9333,69.01,71,8,2.62,GW,1675809412
414,nabire,-3.3667,135.4833,75.31,90,100,3.13,ID,1675809413
415,calvinia,-31.4707,19.776,67.5,65,76,5.88,ZA,1675809413
416,safaga,26.7292,33.9365,57.88,46,97,15.79,EG,1675809413
417,jiaojiang,28.6803,121.4428,50.0,81,100,7.05,CN,1675809414
418,warrington,53.3925,-2.5802,42.98,87,75,2.3,GB,1675809414
419,borogontsy,62.6683,131.1683,-47.33,100,100,0.69,RU,1675809415
420,guerrero negro,27.9769,-114.0611,71.6,20,1,1.72,MX,1675809340
421,kissidougou,9.1848,-10.0999,82.96,36,100,1.7,GN,1675809415
422,hualmay,-11.0964,-77.6139,75.36,74,14,8.3,PE,1675809416
423,vila velha,-20.3297,-40.2925,80.55,88,40,13.8,BR,1675809416
424,charters towers,-20.1,146.2667,80.31,71,72,10.78,AU,1675809373
425,waingapu,-9.6567,120.2641,78.66,86,99,7.67,ID,1675809418
426,kokopo,-4.352,152.2633,79.99,81,100,6.6,PG,1675809418
427,yerbogachen,61.2767,108.0108,-21.26,100,97,2.1,RU,1675809419
428,komsomolskiy,40.4272,71.7189,34.52,80,10,6.91,UZ,1675809419
429,agadez,19.75,10.25,65.59,20,100,4.03,NE,1675809420
430,multan,30.1956,71.4753,60.69,59,20,0.0,PK,1675809420
431,northampton,40.8754,-75.2499,40.24,62,100,4.09,US,1675809420
432,onguday,50.75,86.15,-4.65,99,76,2.71,RU,1675809421
433,requena,39.4883,-1.1004,33.51,86,99,3.85,ES,1675809353
434,sangar,63.9242,127.4739,-41.42,99,100,1.77,RU,1675809423
435,libertador general san martin,-23.8064,-64.7876,89.98,42,96,3.24,AR,1675809424
436,oum hadjer,13.2954,19.6966,72.61,18,65,11.32,TD,1675809425
437,mitu,1.1983,-70.1733,76.51,86,75,2.48,CO,1675809426
438,bonavista,48.6499,-53.1147,22.66,67,100,20.89,CA,1675809236
439,benguela,-12.5763,13.4055,74.43,78,63,4.76,AO,1675809427
440,shumyachi,53.8583,32.4242,8.78,98,55,2.89,RU,1675809428
441,vangaindrano,-23.35,47.6,71.96,89,94,2.1,MG,1675809429
442,dunedin,-45.8742,170.5036,56.37,64,50,14.97,NZ,1675809431
443,pontianak,-0.0333,109.3333,75.18,100,100,2.3,ID,1675809432
444,coihaique,-45.5752,-72.0662,69.75,52,75,9.22,CL,1675809170
445,bonthe,7.5264,-12.505,75.99,76,100,5.86,SL,1675809433
446,karonga,-9.9333,33.9333,74.68,77,100,6.02,MW,1675809434
447,omsukchan,62.5333,155.8,-36.33,99,96,3.94,RU,1675809199
448,poso,-1.3959,120.7524,76.05,88,100,2.8,ID,1675809436
449,raton,36.9034,-104.4391,41.61,28,0,9.22,US,1675809439
450,pangnirtung,66.1451,-65.7125,-31.0,75,0,3.44,CA,1675809439
451,weligama,5.9667,80.4167,74.39,91,53,3.76,LK,1675809441
452,mathura,27.5,77.6833,53.24,45,0,8.05,IN,1675809441
453,port keats,-14.25,129.55,84.92,73,2,9.53,AU,1675809442
454,cajuru,-21.2753,-47.3042,68.74,92,100,0.51,BR,1675809443
455,port hawkesbury,45.6169,-61.3485,26.58,78,20,8.05,CA,1675809417
456,stephenville,32.2207,-98.2023,48.76,94,100,12.66,US,1675809446
457,sindou,10.6667,-5.1667,82.45,18,56,3.83,BF,1675809446
458,waddan,29.1614,16.139,52.0,47,97,18.19,LY,1675809447
459,arlit,18.7369,7.3853,75.11,13,100,6.04,NE,1675809449
460,petropavlovsk-kamchatskiy,53.0452,158.6483,-5.21,77,20,6.71,RU,1675809172
461,kon tum,14.35,108.0,62.89,91,18,2.15,VN,1675809450
462,sur,22.5667,59.5289,72.73,57,32,9.48,OM,1675809286
463,murray bridge,-35.1167,139.2667,71.4,42,0,5.21,AU,1675809454
464,carauari,-4.8828,-66.8958,75.18,95,37,1.79,BR,1675809455
465,camana,-16.6228,-72.7111,75.85,82,62,7.61,PE,1675809456
466,ovre ardal,61.3167,7.8,30.27,98,100,5.61,NO,1675809456
467,hwange,-18.3693,26.5019,68.31,83,51,1.32,ZW,1675809457
468,tianpeng,30.9866,103.9393,50.63,83,94,2.82,CN,1675809458
469,asau,46.4333,26.4,23.92,97,100,3.76,RO,1675809458
470,karacabey,40.2152,28.4038,34.18,76,100,11.18,TR,1675809180
471,poum,-20.2333,164.0167,80.73,80,96,9.31,NC,1675809174
472,ventersburg,-28.0856,27.1381,65.89,74,100,6.98,ZA,1675809459
473,burnie,-41.0667,145.9167,59.88,82,100,10.16,AU,1675809460
474,pedasi,7.5333,-80.0333,81.07,75,98,16.55,PA,1675809461
475,puquio,-14.7,-74.1333,51.98,95,94,7.63,PE,1675809461
476,hokitika,-42.7167,170.9667,62.91,59,80,15.26,NZ,1675809461
477,gambela,8.25,34.5833,80.83,21,37,2.66,ET,1675809462
478,puerto escondido,15.85,-97.0667,85.03,58,40,6.91,MX,1675809462
479,tura,25.5198,90.2201,58.8,50,19,3.51,IN,1675809463
480,sitka,57.0531,-135.33,39.09,75,100,3.44,US,1675809463
481,port blair,11.6667,92.75,77.04,83,40,2.3,IN,1675809405
482,payson,40.0444,-111.7321,38.37,66,0,3.44,US,1675809465
483,surman,32.7567,12.5716,54.52,59,79,21.81,LY,1675809465
484,itarema,-2.9248,-39.9167,79.3,78,100,11.54,BR,1675809466
485,yunyang,33.4474,112.7142,42.4,73,100,7.72,CN,1675809466
486,prainha,-1.8,-53.48,74.95,95,85,2.77,BR,1675809466
487,kruisfontein,-34.0033,24.7314,66.58,79,100,4.25,ZA,1675809468
488,pacific grove,36.6177,-121.9166,62.28,71,0,5.99,US,1675809451
489,kharakvasla,18.4333,73.7667,67.96,32,20,2.51,IN,1675809469
490,kyshtovka,56.555,76.6271,-1.55,98,95,4.45,RU,1675809469
491,belmonte,-15.8631,-38.8828,79.29,76,6,10.56,BR,1675809470
492,grindavik,63.8424,-22.4338,25.27,86,75,29.93,IS,1675809470
493,joshimath,30.5667,79.5667,33.94,43,1,9.98,IN,1675809471
494,haines junction,60.7522,-137.5108,28.35,86,76,1.14,CA,1675809472
495,darab,28.7519,54.5444,54.97,70,58,6.82,IR,1675809474
496,karpathos,35.507,27.2132,46.36,53,81,17.27,GR,1675809474
497,emerald,-23.5333,148.1667,76.33,65,35,9.28,AU,1675809339
498,vardo,70.3705,31.1107,31.98,86,100,32.21,NO,1675809475
499,isiolo,0.3546,37.5822,67.37,57,19,5.59,KE,1675809475
500,gejiu,23.306,103.1635,43.47,95,60,4.61,CN,1675809475
501,ranau,5.9538,116.6641,67.91,95,85,0.51,MY,1675809476
502,vila,42.0304,-8.1588,34.7,77,48,10.16,PT,1675809476
503,vinh,18.6667,105.6667,69.87,97,65,1.48,VN,1675809477
504,aykhal,66.0,111.5,-38.06,100,99,3.4,RU,1675809477
505,balkanabat,39.5108,54.3671,48.7,55,100,1.32,TM,1675809477
506,taltal,-25.4,-70.4833,71.37,78,57,5.88,CL,1675809466
507,fairbanks,64.8378,-147.7164,13.23,78,40,0.0,US,1675809478
508,virginia beach,36.8529,-75.978,57.27,61,0,4.61,US,1675809233
509,riyadh,24.6877,46.7219,57.34,38,81,7.4,SA,1675809376
510,itaituba,-4.2761,-55.9836,74.34,98,99,0.56,BR,1675809469
511,shangrao,28.4532,117.9686,51.01,94,100,6.35,CN,1675809481
512,farafangana,-22.8167,47.8333,73.42,86,100,1.57,MG,1675809481
513,yudong,29.385,106.5194,54.5,79,100,1.9,CN,1675809482
514,palmer,42.1584,-72.3287,37.15,39,100,12.66,US,1675809484
515,urumqi,43.801,87.6005,14.95,93,100,2.24,CN,1675809486
516,esperance,-33.8667,121.9,69.15,66,100,10.83,AU,1675809488
517,eureka,40.8021,-124.1637,61.66,63,52,4.0,US,1675809456
518,xapuri,-10.6517,-68.5044,74.93,94,76,0.94,BR,1675809490
519,trinidad,-14.8333,-64.9,80.58,78,75,3.44,BO,1675809491
520,chute-aux-outardes,49.1168,-68.399,19.38,68,0,14.97,CA,1675809493
521,rajanpur,29.1035,70.325,58.64,38,21,7.81,PK,1675809496
522,laguna,38.421,-121.4238,62.01,56,0,3.44,US,1675809498
523,sao gabriel da cachoeira,-0.1303,-67.0892,74.26,96,96,0.43,BR,1675809498
524,gimli,50.6336,-96.9907,23.02,80,43,13.8,CA,1675809314
525,stromness,58.965,-3.296,39.16,71,25,27.47,GB,1675809503
526,salamanca,40.8333,-6.0,38.98,88,72,6.87,ES,1675809269
527,havelock,34.8791,-76.9013,60.8,60,0,8.05,US,1675809422
528,constitucion,-35.3333,-72.4167,66.11,62,10,9.8,CL,1675809230
529,cocorit,27.5833,-109.9667,77.34,8,10,17.27,MX,1675809515
530,brawley,32.9787,-115.5303,71.85,17,0,12.66,US,1675809517
531,havoysund,70.9963,24.6622,34.03,72,61,30.82,NO,1675809462
532,darnah,32.767,22.6367,52.34,72,36,11.95,LY,1675809517
533,nara,34.6851,135.8049,41.5,69,44,3.85,JP,1675809518
534,iwase,36.35,140.1,45.7,71,95,8.12,JP,1675809519
535,evensk,61.95,159.2333,-21.39,75,74,8.84,RU,1675809341
536,nemuro,43.3236,145.575,24.28,74,62,6.98,JP,1675809290
537,gamba,-2.65,10.0,77.45,81,81,2.08,GA,1675809520
538,nambucca heads,-30.65,153.0,75.2,69,87,1.72,AU,1675809520
539,lobva,59.1854,60.5185,-10.8,99,54,3.42,RU,1675809521
540,novogurovskiy,54.4678,37.3428,6.6,97,51,2.71,RU,1675809521
541,brae,60.3964,-1.353,43.88,75,34,31.74,GB,1675809522
